1,Melanie Reed,South Africa,680-8148 Sed Ave,35316011,(578) 790-6989
2,Yoshi Mcintyre,China,Ap #696-5684 Porttitor Avenue,515626,1-525-534-5529
3,Palmer Eaton,United States,386-9529 Ut Avenue,64867,(634) 977-8348
4,Naomi Chandler,Pakistan,Ap #885-7620 Tellus St.,6827,(378) 566-6912
5,Irene Peck,South Africa,Ap #448-6090 Diam St.,18644,1-735-764-4572
6,Sean Beard,Nigeria,Ap #496-9596 Donec Ave,22414,1-836-525-5792
7,Christian Collier,South Africa,Ap #912-842 Habitant Rd.,147241,1-720-431-3311
8,Rinah Nolan,Ireland,"Ap #502-2131 Eu, Rd.",11718,1-716-457-7162
9,Grant Graves,Philippines,397-4913 Ac Road,27887,(457) 971-8753
10,Mohammad Campos,Indonesia,"P.O. Box 368, 975 Dignissim Ave",628388,(791) 615-6938
11,Whoopi Larson,Australia,"533-283 Eu, St.",6354,(446) 594-2172
12,August Workman,Poland,911-9785 Magna. Avenue,66201,1-274-365-4529
13,Petra Ware,South Africa,Ap #439-4742 Justo. Street,76410,(455) 329-6799
14,Cameron Hogan,United States,"2560 Vel, Avenue",9242,1-949-466-6165
15,Austin Richards,Austria,2677 Ornare Rd.,937573,(572) 874-7075
16,Kato Reynolds,Norway,"916-8253 Vel, Avenue",81392,1-267-592-8645
17,Tatum Downs,South Korea,2911 Cum Av.,4953,(752) 773-9261
18,Cheyenne Reeves,Ukraine,Ap #230-8854 Aliquam St.,906138,(673) 234-2014
19,Virginia Taylor,Indonesia,854-1351 Gravida Road,69586,1-211-847-5279
20,Briar Cabrera,Germany,7409 Tristique Rd.,3515,1-204-331-4745
21,Jade Alexander,United States,608-9998 Ut Street,249333,(311) 277-7201
22,Zahir Hogan,Vietnam,"626-9695 Est, St.",75297,(672) 396-7124
23,Oren Stark,Austria,9424 Donec Ave,9592,1-705-356-0456
24,Amity Tate,Canada,927-9489 Leo Road,12232,1-106-949-8335
25,Nicholas Ashley,France,967-7643 Dui. Ave,31161,(511) 684-0961
26,Vielka Wyatt,Vietnam,"P.O. Box 854, 147 Scelerisque Ave",44585,1-378-576-6210
27,Cruz Fischer,Colombia,4514 Gravida Rd.,21419,(778) 916-9918
28,Adam Mcintosh,Colombia,250-7134 Malesuada Rd.,3448,(821) 117-6303
29,Price Hammond,New Zealand,Ap #253-2033 Diam Avenue,32012,1-581-413-3679
30,Odessa Meyer,Belgium,304-3697 Faucibus St.,6653-8415,1-281-676-4660
31,Gage Mcpherson,United States,Ap #198-5525 Tempus St.,2146,(730) 477-7770
32,Driscoll Cote,Singapore,Ap #990-3756 Aliquam Rd.,6746-7779,1-438-467-3192
33,Lee Morin,Brazil,805-3167 Sed Rd.,5183,1-422-276-2608
34,Ronan Mercer,Norway,"5131 Est, Av.",23588-880,1-229-705-5341
35,Dorian Frank,France,335-6440 Eget St.,3228 UE,(212) 286-2243
36,Clementine Calhoun,Peru,Ap #321-4589 Ullamcorper Ave,86357,1-883-557-3908
37,Eve Harding,China,"P.O. Box 368, 7286 Magna Av.",70405,(961) 523-9505
38,Deacon Brewer,Indonesia,Ap #849-4441 Dui Avenue,83-76,(313) 133-4531
39,Timon Hardy,Austria,"P.O. Box 723, 1980 Pellentesque Rd.",971355,(240) 550-8363
40,Nero Forbes,Germany,Ap #417-6292 Dolor Street,20472,1-215-856-6452
41,Thomas Barnes,New Zealand,802-1216 Pellentesque Rd.,48092,(569) 476-1675
42,Nerea Nolan,Belgium,8279 Cursus. Street,867573,(928) 336-8511
43,Keaton Erickson,India,"651-7611 Nostra, St.",456855,1-322-631-1565
44,Rigel Morales,Sweden,Ap #977-9409 Ac Road,42437-62964,1-546-781-5356
45,Amir Vasquez,Peru,Ap #888-2682 Cras Road,3337,(356) 168-6661
46,Noah Barnes,Nigeria,5726 Cubilia Ave,YA5 3UP,1-533-238-5446
47,Daquan Holmes,Indonesia,157-1582 Massa. Street,17758,1-648-814-8568
48,Rina Sears,Brazil,Ap #188-7949 Duis Rd.,393323,(355) 265-7855
49,Kenneth Robertson,Belgium,"296-4679 At, Road",10537,1-200-429-5732
50,Farrah Hart,Costa Rica,"P.O. Box 730, 2592 Aliquam Street",567683,1-546-288-3561
51,Vivien Fletcher,New Zealand,Ap #906-5143 Sed Road,97-277,1-827-391-2517
52,Isaiah Shaw,China,7743 Duis St.,61827,(433) 667-3087
53,Ria Forbes,Russian Federation,5878 Malesuada Street,284,(565) 272-3726
54,Shafira Koch,Spain,967-2601 Fermentum Avenue,82848,(437) 636-6179
55,Salvador Mosley,Belgium,Ap #338-6757 Nam Av.,52238,(623) 486-3908
56,Jasmine Lyons,Russian Federation,2341 Nulla St.,33-464,(271) 218-1260
57,Quail Tyson,Ireland,Ap #838-4473 In Rd.,47348,1-476-662-4149
58,Kenneth Wong,Spain,Ap #554-4556 Fames Rd.,19266,(634) 619-8848
59,Chancellor English,Peru,Ap #715-6440 Erat Ave,252933,(616) 718-6358
60,Quon Simpson,Australia,882-2443 Quisque Road,35-42,(574) 531-0737
61,Kirk Price,Philippines,751-3552 Magnis Avenue,S8E 5K7,(569) 539-7774
62,Lyle Caldwell,Singapore,"P.O. Box 388, 1847 Rutrum St.",35200,1-756-333-1816
63,Yoshio Rosa,Ukraine,942-7443 Eget St.,5474,1-815-336-1462
64,Nadine Parsons,India,Ap #716-9606 Interdum St.,7225,1-242-727-5348
65,Wyatt Black,Indonesia,980-3231 Metus Street,2673-4771,1-677-811-9224
66,Gloria Beasley,India,"P.O. Box 644, 659 Mauris Road",82362,(670) 336-3162
67,Rae Olson,Vietnam,"P.O. Box 593, 1383 Lobortis St.",28652,(571) 355-2801
68,Justina Conner,Sweden,963-3927 Aliquet Avenue,153666,(913) 703-2630
69,Serena Parks,United Kingdom,618-8712 Duis Road,6212,(656) 759-7565
70,Scarlett Bartlett,Ukraine,Ap #438-4136 Quisque Road,3588,1-911-833-2861
71,Shelby Webb,Pakistan,"P.O. Box 199, 1420 Phasellus Av.",474378,(802) 388-5665
72,Katelyn Trujillo,Poland,Ap #382-2118 Vitae Rd.,804741,1-476-556-6332
73,Norman Flynn,Sweden,Ap #118-1955 Torquent Ave,27233,1-465-600-0435
74,Barclay Frye,Nigeria,104-1816 Neque Rd.,51735,(161) 374-0578
75,Brenna Baxter,Austria,848-886 Mauris Street,64779,1-364-846-1411
76,Elton Burke,Belgium,513-2515 Parturient Road,71-63,(643) 813-6676
77,Darrel Emerson,Canada,Ap #372-5888 Arcu Road,39471,(557) 963-6211
78,Edan Heath,China,"P.O. Box 120, 4904 Mauris St.",62117,(353) 401-6765
79,Nathaniel Wiggins,Pakistan,5575 Pretium Street,62-22,1-497-278-9981
80,Phyllis Nichols,Turkey,4130 Arcu Road,0967 GE,1-581-383-2533
81,Raven Crawford,Australia,"233-375 Vulputate, Avenue",887589,(752) 619-2939
82,Dante Love,Belgium,Ap #970-6303 Condimentum Ave,5875,1-687-952-7378
83,Marsden Ellison,Vietnam,346-8655 Ac Road,26440,1-137-680-1835
84,Larissa Mays,United Kingdom,565-7216 Blandit Avenue,884587,1-425-260-7662
85,Holmes Mcclure,Turkey,963-8325 Sed Ave,1157,1-871-272-4745
86,Jerry Ward,Netherlands,"P.O. Box 276, 828 Ac Rd.",862877,(552) 657-4457
87,Igor Rodriquez,Russian Federation,"P.O. Box 309, 9253 Elit, Rd.",47803-28244,(736) 349-6102
88,Daquan Mcclure,Italy,Ap #881-5185 Ligula. Street,85A 6X2,1-364-863-4732
89,Hedy Alston,United States,"Ap #970-3057 Ac, Av.",33438,(285) 291-1727
90,Emily Vega,India,424-4620 Mollis. St.,22673-251,(385) 708-5748
91,Salvador Walls,Colombia,"P.O. Box 641, 8594 Ipsum Avenue",12356,(102) 562-2692
92,Nyssa Vaughan,Indonesia,Ap #525-9090 Turpis Ave,43839,1-461-256-2356
93,Mara Carroll,Indonesia,Ap #408-7419 Purus Road,98916,1-221-957-3957
94,Nissim Harris,United Kingdom,829-3157 Vitae St.,21123,(268) 453-6537
95,Latifah Hogan,New Zealand,Ap #696-9361 Odio. St.,55116,1-266-354-0175
96,Abel Arnold,South Africa,"P.O. Box 543, 7017 Mollis Ave",45443,(788) 528-7334
97,Neville Shaffer,Australia,1609 Feugiat Rd.,11618,1-814-344-7876
98,Gage Santos,Costa Rica,536-346 Duis Avenue,Y1W 4S2,1-899-227-1079
99,Jasmine Bowman,Philippines,Ap #762-9573 Ac Street,4472,(515) 815-8258
100,Ciaran Wells,South Korea,"P.O. Box 686, 7521 Tortor. St.",96243,(119) 863-6430
