1,Melanie Reed,(578) 790-6989,Est Ac Industries
2,Yoshi Mcintyre,1-525-534-5529,Donec Consectetuer Limited
3,Palmer Eaton,(634) 977-8348,Mauris Molestie Associates
4,Naomi Chandler,(378) 566-6912,Sed Associates
5,Irene Peck,1-735-764-4572,Sed Industries
6,Sean Beard,1-836-525-5792,Vulputate Foundation
7,Christian Collier,1-720-431-3311,Arcu Morbi Corp.
8,Rinah Nolan,1-716-457-7162,Lorem Ac Corporation
9,Grant Graves,(457) 971-8753,Quisque Nonummy Ipsum PC
10,Mohammad Campos,(791) 615-6938,Vel Est Foundation
11,Whoopi Larson,(446) 594-2172,Odio Limited
12,August Workman,1-274-365-4529,Ipsum Primis Ltd
13,Petra Ware,(455) 329-6799,Ac Tellus Company
14,Cameron Hogan,1-949-466-6165,Fringilla Ltd
15,Austin Richards,(572) 874-7075,Tincidunt Pede Industries
16,Kato Reynolds,1-267-592-8645,Orci Ut Semper Industries
17,Tatum Downs,(752) 773-9261,Amet Metus Ltd
18,Cheyenne Reeves,(673) 234-2014,Ipsum Porta Elit Incorporated
19,Virginia Taylor,1-211-847-5279,Luctus Company
20,Briar Cabrera,1-204-331-4745,Eu Augue Porttitor Ltd
21,Jade Alexander,(311) 277-7201,Cras Foundation
22,Zahir Hogan,(672) 396-7124,Mus Proin Incorporated
23,Oren Stark,1-705-356-0456,At Pretium Aliquet Inc.
24,Amity Tate,1-106-949-8335,Ultricies Ornare Elit PC
25,Nicholas Ashley,(511) 684-0961,Eros Nec Industries
26,Vielka Wyatt,1-378-576-6210,Nulla Semper Tellus Incorporated
27,Cruz Fischer,(778) 916-9918,Suspendisse Commodo Limited
28,Adam Mcintosh,(821) 117-6303,Convallis Institute
29,Price Hammond,1-581-413-3679,Pellentesque Associates
30,Odessa Meyer,1-281-676-4660,Metus Urna PC
31,Gage Mcpherson,(730) 477-7770,Interdum PC
32,Driscoll Cote,1-438-467-3192,Laoreet Ipsum Corp.
33,Lee Morin,1-422-276-2608,Sed Hendrerit Corp.
34,Ronan Mercer,1-229-705-5341,Urna Limited
35,Dorian Frank,(212) 286-2243,Sed LLP
36,Clementine Calhoun,1-883-557-3908,Nonummy Fusce Foundation
37,Eve Harding,(961) 523-9505,Mauris Consulting
38,Deacon Brewer,(313) 133-4531,Hendrerit A PC
39,Timon Hardy,(240) 550-8363,Erat Semper Industries
40,Nero Forbes,1-215-856-6452,Fringilla Corp.
41,Thomas Barnes,(569) 476-1675,Ante LLP
42,Nerea Nolan,(928) 336-8511,Velit Eget Laoreet Institute
43,Keaton Erickson,1-322-631-1565,Magna Nam Inc.
44,Rigel Morales,1-546-781-5356,Laoreet Posuere PC
45,Amir Vasquez,(356) 168-6661,Id Libero Foundation
46,Noah Barnes,1-533-238-5446,Nunc Commodo Corporation
47,Daquan Holmes,1-648-814-8568,Tellus Aenean Foundation
48,Rina Sears,(355) 265-7855,Viverra Maecenas Iaculis Foundation
49,Kenneth Robertson,1-200-429-5732,Ut Aliquam Iaculis Incorporated
50,Farrah Hart,1-546-288-3561,Consectetuer Adipiscing Institute
51,Vivien Fletcher,1-827-391-2517,Erat Semper Rutrum Industries
52,Isaiah Shaw,(433) 667-3087,Ac Ipsum LLC
53,Ria Forbes,(565) 272-3726,At Augue Id Inc.
54,Shafira Koch,(437) 636-6179,Lorem Ut Industries
55,Salvador Mosley,(623) 486-3908,Fermentum Limited
56,Jasmine Lyons,(271) 218-1260,Nunc Id Incorporated
57,Quail Tyson,1-476-662-4149,Arcu Corp.
58,Kenneth Wong,(634) 619-8848,Posuere Enim Nisl Foundation
59,Chancellor English,(616) 718-6358,Venenatis Lacus Etiam Foundation
60,Quon Simpson,(574) 531-0737,Elit A Feugiat LLP
61,Kirk Price,(569) 539-7774,Fames Ac Ltd
62,Lyle Caldwell,1-756-333-1816,Tristique Pellentesque Corporation
63,Yoshio Rosa,1-815-336-1462,Luctus Lobortis Class Ltd
64,Nadine Parsons,1-242-727-5348,Massa Vestibulum Incorporated
65,Wyatt Black,1-677-811-9224,Ante Lectus Ltd
66,Gloria Beasley,(670) 336-3162,Magna Lorem Consulting
67,Rae Olson,(571) 355-2801,Dolor Quam Consulting
68,Justina Conner,(913) 703-2630,Duis Corporation
69,Serena Parks,(656) 759-7565,Arcu Sed LLP
70,Scarlett Bartlett,1-911-833-2861,Mauris Blandit Ltd
71,Shelby Webb,(802) 388-5665,Pellentesque Foundation
72,Katelyn Trujillo,1-476-556-6332,Morbi Incorporated
73,Norman Flynn,1-465-600-0435,In Consequat Corp.
74,Barclay Frye,(161) 374-0578,Lectus Rutrum Inc.
75,Brenna Baxter,1-364-846-1411,Nullam Nisl Maecenas Foundation
76,Elton Burke,(643) 813-6676,Curabitur Consequat Lectus Corp.
77,Darrel Emerson,(557) 963-6211,Convallis Convallis Consulting
78,Edan Heath,(353) 401-6765,Dictum Eu Placerat Inc.
79,Nathaniel Wiggins,1-497-278-9981,Cursus Purus Nullam Industries
80,Phyllis Nichols,1-581-383-2533,Duis Mi Enim Foundation
81,Raven Crawford,(752) 619-2939,Lorem Ac Risus Foundation
82,Dante Love,1-687-952-7378,Ultrices Duis Incorporated
83,Marsden Ellison,1-137-680-1835,Non Ltd
84,Larissa Mays,1-425-260-7662,Quam Quis Limited
85,Holmes Mcclure,1-871-272-4745,Dolor Fusce PC
86,Jerry Ward,(552) 657-4457,Ut Nulla Industries
87,Igor Rodriquez,(736) 349-6102,Nam Consequat Corp.
88,Daquan Mcclure,1-364-863-4732,Erat Neque Ltd
89,Hedy Alston,(285) 291-1727,Eu Enim Etiam Ltd
90,Emily Vega,(385) 708-5748,Morbi Quis Urna Corp.
91,Salvador Walls,(102) 562-2692,Turpis Egestas Aliquam PC
92,Nyssa Vaughan,1-461-256-2356,Sit Amet Foundation
93,Mara Carroll,1-221-957-3957,Nec Quam Associates
94,Nissim Harris,(268) 453-6537,Purus Nullam Corp.
95,Latifah Hogan,1-266-354-0175,Mi Eleifend PC
96,Abel Arnold,(788) 528-7334,Nec Eleifend Incorporated
97,Neville Shaffer,1-814-344-7876,Scelerisque Neque Corp.
98,Gage Santos,1-899-227-1079,Pellentesque Company
99,Jasmine Bowman,(515) 815-8258,Luctus Sit Amet Limited
100,Ciaran Wells,(119) 863-6430,Sem Pellentesque Institute
